Sno,item_id,category,link,depth,height,width,weight
41,29291956,Beds,https://www.ikea.com/sa/en/p/slaekt-bed-frame-w-storage-slatted-bedbase-white-s29291956/,57,14,96,
52,29241160,Beds,https://www.ikea.com/sa/en/p/songesand-bed-frame-with-4-storage-boxes-brown-loenset-s29241160/,64,14,153,
25,49278341,Beds,https://www.ikea.com/sa/en/p/brimnes-bed-frame-w-storage-and-headboard-white-luroey-s49278341/,54,110,96,
32,79012991,Beds,https://www.ikea.com/sa/en/p/malm-bed-frame-high-w-2-storage-boxes-white-s79012991/,59,15,105,
39,99239451,Beds,https://www.ikea.com/sa/en/p/slaekt-underbed-with-storage-white-s99239451/,57,45,95,
28,20400691,Beds,https://www.ikea.com/sa/en/p/brimnes-bed-frame-with-storage-white-20400691/,54,47,96,
26,89326463,Beds,https://www.ikea.com/sa/en/p/platsa-bed-frame-with-4-drawers-white-fonnes-s89326463/,40,43,140,
35,9241420,Beds,https://www.ikea.com/sa/en/p/nordli-bed-frame-w-storage-and-headboard-white-s09241420/,51,16,240,
38,60372276,Beds,https://www.ikea.com/sa/en/p/hemnes-day-bed-frame-with-3-drawers-grey-60372276/,70,18,89,
30,79902935,Beds,https://www.ikea.com/sa/en/p/brimnes-bed-frame-with-storage-white-s79902935/,54,20,146,
50,9324284,Beds,https://www.ikea.com/sa/en/p/platsa-bed-frame-with-6-doors-12-drawers-white-fonnes-s09324284/,40,43,140,
37,60116960,Beds,https://www.ikea.com/sa/en/p/lycksele-storage-box-2-seat-sofa-bed-black-60116960/,55,21,92,
34,90354327,Beds,https://www.ikea.com/sa/en/p/hammarn-sofa-bed-knisa-dark-grey-black-90354327/,85,78,128,
31,90349326,Beds,https://www.ikea.com/sa/en/p/hemnes-day-bed-frame-with-3-drawers-white-90349326/,70,18,89,
36,69241097,Beds,https://www.ikea.com/sa/en/p/songesand-bed-frame-with-2-storage-boxes-brown-s69241097/,64,14,153,
62,9302913,Beds,https://www.ikea.com/sa/en/p/platsa-bed-frame-with-4-drawers-white-fonnes-s09302913/,40,42,141,
45,40349847,Beds,https://www.ikea.com/sa/en/p/nordli-bed-frame-with-storage-white-40349847/,51,16,140,
51,228705,Beds,https://www.ikea.com/sa/en/p/brimnes-day-bed-frame-with-2-drawers-white-00228705/,53,21,86,
49,10453086,Beds,https://www.ikea.com/sa/en/p/platsa-bed-frame-with-storage-white-10453086/,40,43,140,
66,80362974,Beds,https://www.ikea.com/sa/en/p/slaekt-storage-box-with-castors-80362974/,53,35,62,
43,20228709,Beds,https://www.ikea.com/sa/en/p/brimnes-headboard-with-storage-compartment-white-20228709/,28,111,146,
83,60431563,Beds,https://www.ikea.com/sa/en/p/friheten-3-seat-sofa-bed-skiftebo-blue-60431563/,105,83,225,
48,89302914,Beds,https://www.ikea.com/sa/en/p/platsa-bed-frame-with-10-drawers-white-fonnes-s89302914/,40,43,140,
480,80275887,Cabinets & cupboards,https://www.ikea.com/sa/en/p/kallax-shelving-unit-white-80275887/,39,147,77,
500,40300662,Cabinets & cupboards,https://www.ikea.com/sa/en/p/brimnes-cabinet-with-doors-white-40300662/,41,95,78,
492,50413507,Cabinets & cupboards,https://www.ikea.com/sa/en/p/hemnes-glass-door-cabinet-with-3-drawers-white-stain-light-brown-50413507/,37,197,90,
482,40033763,Cabinets & cupboards,https://www.ikea.com/sa/en/p/ivar-cabinet-pine-40033763/,30,83,80,
512,396416,Cabinets & cupboards,https://www.ikea.com/sa/en/p/milsbo-glass-door-cabinet-white-00396416/,42,175,73,
513,69281804,Cabinets & cupboards,https://www.ikea.com/sa/en/p/billy-oxberg-bookcase-with-glass-doors-white-s69281804/,30,202,120,
493,29281066,Cabinets & cupboards,https://www.ikea.com/sa/en/p/billy-oxberg-bookcase-with-doors-white-s29281066/,30,202,80,
520,29301762,Cabinets & cupboards,https://www.ikea.com/sa/en/p/besta-storage-combination-with-doors-white-lappviken-stubbarp-white-s29301762/,42,202,120,
514,59275101,Cabinets & cupboards,https://www.ikea.com/sa/en/p/havsta-cabinet-with-plinth-white-s59275101/,37,134,81,
506,19205884,Cabinets & cupboards,https://www.ikea.com/sa/en/p/besta-storage-combination-with-doors-black-brown-kallviken-dark-grey-concrete-effect-s19205884/,40,192,120,
498,50300666,Cabinets & cupboards,https://www.ikea.com/sa/en/p/brimnes-cabinet-with-doors-glass-white-50300666/,41,95,78,
485,59278307,Cabinets & cupboards,https://www.ikea.com/sa/en/p/kallax-shelving-unit-with-4-inserts-white-s59278307/,39,147,77,
491,69287392,Cabinets & cupboards,https://www.ikea.com/sa/en/p/billy-oxberg-bookcase-with-door-white-s69287392/,30,106,40,
531,79281790,Cabinets & cupboards,https://www.ikea.com/sa/en/p/billy-oxberg-bookcase-with-panel-glass-doors-white-glass-s79281790/,30,202,120,
490,70328669,Cabinets & cupboards,https://www.ikea.com/sa/en/p/lixhult-cabinet-metal-grey-70328669/,35,35,60,
542,49249396,Cabinets & cupboards,https://www.ikea.com/sa/en/p/haellan-storage-combination-with-doors-white-s49249396/,47,167,45,
540,29285776,Cabinets & cupboards,https://www.ikea.com/sa/en/p/galant-storage-combination-w-sliding-doors-white-stained-oak-veneer-s29285776/,45,120,320,
519,363171,Cabinets & cupboards,https://www.ikea.com/sa/en/p/fabrikoer-glass-door-cabinet-black-blue-blue-00363171/,42,113,81,
551,69284987,Cabinets & cupboards,https://www.ikea.com/sa/en/p/besta-cabinet-unit-black-brown-s69284987/,40,202,60,
545,242278,Cabinets & cupboards,https://www.ikea.com/sa/en/p/fabrikoer-glass-door-cabinet-dark-grey-00242278/,47,150,57,
562,30428915,Cabinets & cupboards,https://www.ikea.com/sa/en/p/eket-cabinet-with-2-drawers-white-30428915/,35,35,35,
522,60342072,Cabinets & cupboards,https://www.ikea.com/sa/en/p/regissoer-cabinet-brown-60342072/,38,110,118,
570,10388661,Cabinets & cupboards,https://www.ikea.com/sa/en/p/havsta-plinth-white-10388661/,37,12,81,
555,30269129,Cabinets & cupboards,https://www.ikea.com/sa/en/p/besta-burs-tv-bench-high-gloss-white-30269129/,41,49,180,
532,29279186,Cabinets & cupboards,https://www.ikea.com/sa/en/p/lixhult-cabinet-combination-grey-s29279186/,35,70,120,
550,69275110,Cabinets & cupboards,https://www.ikea.com/sa/en/p/havsta-glass-door-cabinet-with-plinth-white-clear-glass-s69275110/,37,134,81,
543,89249403,Cabinets & cupboards,https://www.ikea.com/sa/en/p/haellan-storage-combination-with-doors-white-s89249403/,47,167,45,
580,89265902,Cabinets & cupboards,https://www.ikea.com/sa/en/p/havsta-storage-combination-dark-brown-s89265902/,37,134,162,
565,30342078,Cabinets & cupboards,https://www.ikea.com/sa/en/p/regissoer-glass-door-cabinet-white-30342078/,38,203,118,
601,79265950,Cabinets & cupboards,https://www.ikea.com/sa/en/p/havsta-storage-combination-w-glass-doors-dark-brown-s79265950/,37,134,162,
541,50365139,Cabinets & cupboards,https://www.ikea.com/sa/en/p/galant-cabinet-with-doors-black-stained-ash-veneer-50365139/,45,120,80,
592,29204431,Cabinets & cupboards,https://www.ikea.com/sa/en/p/besta-eket-cabinet-combination-for-tv-white-s29204431/,40,170,180,
560,70388620,Cabinets & cupboards,https://www.ikea.com/sa/en/p/havsta-cabinet-with-plinth-white-70388620/,47,89,121,
598,79282544,Cabinets & cupboards,https://www.ikea.com/sa/en/p/bekant-storage-unit-on-castors-mesh-black-s79282544/,45,101,61,
606,89291312,Cabinets & cupboards,https://www.ikea.com/sa/en/p/haellan-storage-combination-with-doors-white-s89291312/,47,67,45,
593,89307643,Cabinets & cupboards,https://www.ikea.com/sa/en/p/eket-wall-mounted-cabinet-combination-white-s89307643/,35,35,35,
591,70247381,Cabinets & cupboards,https://www.ikea.com/sa/en/p/besta-frame-grey-stained-walnut-effect-70247381/,40,64,60,
583,70247376,Cabinets & cupboards,https://www.ikea.com/sa/en/p/besta-frame-grey-stained-walnut-effect-70247376/,40,64,120,
544,245842,Cabinets & cupboards,https://www.ikea.com/sa/en/p/besta-frame-white-00245842/,40,192,60,
595,99249520,Cabinets & cupboards,https://www.ikea.com/sa/en/p/haellan-storage-combination-with-doors-white-s99249520/,47,167,90,
612,40245840,Cabinets & cupboards,https://www.ikea.com/sa/en/p/besta-frame-white-40245840/,40,128,60,
607,60293566,Cabinets & cupboards,https://www.ikea.com/sa/en/p/stubbarp-leg-black-brown-60293566/,44,100,44,
600,49265975,Cabinets & cupboards,https://www.ikea.com/sa/en/p/havsta-storage-combination-w-glass-doors-dark-brown-s49265975/,47,212,81,
584,50363729,Cabinets & cupboards,https://www.ikea.com/sa/en/p/haellan-cabinet-white-50363729/,47,50,45,
586,30365135,Cabinets & cupboards,https://www.ikea.com/sa/en/p/galant-cabinet-with-sliding-doors-white-30365135/,45,120,160,
619,19291315,Cabinets & cupboards,https://www.ikea.com/sa/en/p/haellan-storage-combination-with-doors-white-s19291315/,47,92,45,
620,20245959,Cabinets & cupboards,https://www.ikea.com/sa/en/p/besta-frame-black-brown-20245959/,20,64,60,
635,9265920,Cabinets & cupboards,https://www.ikea.com/sa/en/p/havsta-storage-combination-w-glass-doors-dark-brown-s09265920/,47,212,203,
637,19275235,Cabinets & cupboards,https://www.ikea.com/sa/en/p/havsta-storage-comb-w-sliding-glass-doors-white-s19275235/,47,212,243,
596,19266033,Cabinets & cupboards,https://www.ikea.com/sa/en/p/havsta-storage-comb-w-sliding-glass-doors-white-s19266033/,37,134,283,
648,99234255,Cabinets & cupboards,https://www.ikea.com/sa/en/p/hemnes-storage-combination-w-doors-drawers-white-stained-clear-glass-s99234255/,37,197,188,
616,49265895,Cabinets & cupboards,https://www.ikea.com/sa/en/p/havsta-storage-comb-w-sliding-glass-doors-white-s49265895/,47,212,242,
626,39276682,Cabinets & cupboards,https://www.ikea.com/sa/en/p/haellan-storage-combination-with-doors-white-s39276682/,47,192,135,
642,59265965,Cabinets & cupboards,https://www.ikea.com/sa/en/p/havsta-storage-combination-w-glass-doors-dark-brown-s59265965/,47,212,243,
630,39297514,Cabinets & cupboards,https://www.ikea.com/sa/en/p/besta-tv-bench-with-doors-and-drawers-white-lappviken-stubbarp-white-s39297514/,42,74,240,
622,40299885,Cabinets & cupboards,https://www.ikea.com/sa/en/p/besta-tv-bench-black-brown-40299885/,40,64,120,
657,29336380,Cabinets & cupboards,https://www.ikea.com/sa/en/p/eket-wall-mounted-storage-combination-light-grey-white-s29336380/,35,70,105,
666,59336374,Cabinets & cupboards,https://www.ikea.com/sa/en/p/eket-wall-cabinet-with-glass-door-white-s59336374/,35,35,35,
665,49329331,Cabinets & cupboards,https://www.ikea.com/sa/en/p/besta-tv-bench-black-brown-lappviken-black-brown-clear-glass-s49329331/,42,39,180,
627,49280754,Cabinets & cupboards,https://www.ikea.com/sa/en/p/billy-oxberg-bookcase-w-height-extension-ut-drs-white-s49280754/,30,237,160,
671,79275138,Cabinets & cupboards,https://www.ikea.com/sa/en/p/havsta-storage-combination-white-s79275138/,47,212,142,
670,69329387,Cabinets & cupboards,https://www.ikea.com/sa/en/p/eket-wall-cabinet-with-2-drawers-white-s69329387/,35,35,35,
673,9329390,Cabinets & cupboards,https://www.ikea.com/sa/en/p/eket-wall-mounted-cabinet-combination-dark-grey-s09329390/,35,70,175,
654,10363632,Cabinets & cupboards,https://www.ikea.com/sa/en/p/haellan-pair-of-legs-white-10363632/,2,29,45,
674,29282532,Cabinets & cupboards,https://www.ikea.com/sa/en/p/bekant-storage-unit-on-castors-mesh-black-s29282532/,45,101,41,
697,10219178,Chairs,https://www.ikea.com/sa/en/p/adde-chair-white-10219178/,47,77,39,
713,90342688,Chairs,https://www.ikea.com/sa/en/p/jokkmokk-chair-antique-stain-90342688/,47,90,41,
730,217797,Chairs,https://www.ikea.com/sa/en/p/gunde-folding-chair-black-00217797/,45,78,41,
699,10233532,Chairs,https://www.ikea.com/sa/en/p/nolmyra-easy-chair-birch-veneer-grey-10233532/,75,75,64,
709,90435324,Chairs,https://www.ikea.com/sa/en/p/tossberg-chair-metal-black-grey-90435324/,56,82,60,
690,40455649,Chairs,https://www.ikea.com/sa/en/p/bingsta-armchair-vissle-dark-yellow-kabusa-dark-yellow-40455649/,58,76,70,
706,152282,Chairs,https://www.ikea.com/sa/en/p/ingolf-stool-white-00152282/,30,45,39,
702,70103250,Chairs,https://www.ikea.com/sa/en/p/ingolf-chair-white-70103250/,52,91,43,
717,40423578,Chairs,https://www.ikea.com/sa/en/p/vedbo-armchair-gunnared-light-brown-pink-40423578/,65,75,73,
712,79299016,Chairs,https://www.ikea.com/sa/en/p/buskbo-armchair-rattan-djupvik-white-s79299016/,63,42,72,
731,30115066,Chairs,https://www.ikea.com/sa/en/p/nisse-folding-chair-black-30115066/,47,76,45,
714,80349671,Chairs,https://www.ikea.com/sa/en/p/tobias-chair-transparent-chrome-plated-80349671/,56,82,55,
728,211088,Chairs,https://www.ikea.com/sa/en/p/stefan-chair-brown-black-00211088/,49,90,42,
695,50434312,Chairs,https://www.ikea.com/sa/en/p/nilsove-chair-with-armrests-rattan-white-50434312/,57,82,57,
694,59297184,Chairs,https://www.ikea.com/sa/en/p/ekolsund-recliner-gunnared-light-brown-pink-s59297184/,94,97,85,
725,19304006,Chairs,https://www.ikea.com/sa/en/p/nilsove-norna-chair-with-chair-pad-rattan-white-laila-natural-s19304006/,57,82,57,
711,90350937,Chairs,https://www.ikea.com/sa/en/p/teodores-chair-white-90350937/,54,80,46,
710,60416925,Chairs,https://www.ikea.com/sa/en/p/kyrre-stool-birch-60416925/,48,45,42,
700,70392542,Chairs,https://www.ikea.com/sa/en/p/strandmon-childrens-armchair-vissle-grey-70392542/,62,71,56,
719,10407136,Chairs,https://www.ikea.com/sa/en/p/ikea-ps-loemsk-swivel-armchair-white-red-10407136/,62,75,59,
698,60217799,Chairs,https://www.ikea.com/sa/en/p/gunde-folding-chair-white-60217799/,45,78,41,
708,60178887,Chairs,https://www.ikea.com/sa/en/p/bekvaem-step-stool-beech-60178887/,39,50,43,
693,50078464,Chairs,https://www.ikea.com/sa/en/p/pello-armchair-holmby-natural-50078464/,85,96,67,
692,20456956,Chairs,https://www.ikea.com/sa/en/p/strandmon-wing-chair-vibberbo-black-beige-20456956/,96,101,82,
696,50058376,Chairs,https://www.ikea.com/sa/en/p/agen-chair-rattan-bamboo-50058376/,56,79,58,
715,29272712,Chairs,https://www.ikea.com/sa/en/p/tullsta-armchair-lofallet-beige-s29272712/,69,78,79,
760,10422504,Chairs,https://www.ikea.com/sa/en/p/roenninge-chair-birch-10422504/,49,79,46,
754,70404875,Chairs,https://www.ikea.com/sa/en/p/franklin-bar-stool-with-backrest-foldable-white-white-70404875/,44,95,50,
746,10122647,Chairs,https://www.ikea.com/sa/en/p/ingolf-bar-stool-with-backrest-white-10122647/,45,91,40,
757,29067293,Chairs,https://www.ikea.com/sa/en/p/antilop-highchair-with-tray-silver-colour-white-silver-colour-s29067293/,62,90,56,
743,40455654,Chairs,https://www.ikea.com/sa/en/p/bingsta-high-back-armchair-vissle-dark-yellow-kabusa-dark-yellow-40455654/,58,101,70,
766,60341015,Chairs,https://www.ikea.com/sa/en/p/ekedalen-chair-white-orrsta-light-grey-60341015/,51,95,43,
769,39240787,Chairs,https://www.ikea.com/sa/en/p/poaeng-armchair-birch-veneer-knisa-light-beige-s39240787/,82,100,68,
775,40178888,Chairs,https://www.ikea.com/sa/en/p/bekvaem-step-stool-white-40178888/,39,50,43,
768,70434311,Chairs,https://www.ikea.com/sa/en/p/buskbo-armchair-rattan-70434311/,63,42,72,
732,262879,Chairs,https://www.ikea.com/sa/en/p/ekeroe-armchair-skiftebo-yellow-00262879/,73,75,70,
744,90434310,Chairs,https://www.ikea.com/sa/en/p/ulriksberg-armchair-rattan-anthracite-90434310/,74,76,67,
736,50295472,Chairs,https://www.ikea.com/sa/en/p/radviken-armchair-dark-brown-black-50295472/,73,82,79,
745,60248418,Chairs,https://www.ikea.com/sa/en/p/foersiktig-childrens-stool-white-green-60248418/,24,13,37,
747,79325223,Chairs,https://www.ikea.com/sa/en/p/sakarias-stool-black-sporda-dark-grey-s79325223/,51,49,39,
774,243800,Chairs,https://www.ikea.com/sa/en/p/hemnes-bench-with-shoe-storage-white-00243800/,32,65,85,
740,30396655,Chairs,https://www.ikea.com/sa/en/p/hemnes-storage-bench-w-towel-rail-4-hooks-white-30396655/,37,173,64,
781,60406785,Chairs,https://www.ikea.com/sa/en/p/franklin-bar-stool-with-backrest-foldable-black-black-60406785/,44,103,52,
773,10423589,Chairs,https://www.ikea.com/sa/en/p/vedbo-high-back-armchair-gunnared-light-brown-pink-10423589/,85,108,80,
761,30346986,Chairs,https://www.ikea.com/sa/en/p/langur-padded-seat-cover-for-highchair-yellow-30346986/,21,40,22,
778,60463498,Chairs,https://www.ikea.com/sa/en/p/sakarias-stool-frame-black-60463498/,51,49,39,
796,50320565,Chairs,https://www.ikea.com/sa/en/p/langfjaell-pair-of-armrests-black-50320565/,27,32,15,
783,70273092,Chairs,https://www.ikea.com/sa/en/p/norraryd-chair-white-70273092/,51,83,47,
795,59240828,Chairs,https://www.ikea.com/sa/en/p/poaeng-armchair-black-brown-knisa-black-s59240828/,82,100,68,
806,50406465,Chairs,https://www.ikea.com/sa/en/p/franklin-bar-stool-with-backrest-foldable-black-black-50406465/,44,95,50,
784,400545,Chairs,https://www.ikea.com/sa/en/p/ekedalen-bar-stool-with-backrest-white-orrsta-light-grey-00400545/,51,114,43,
792,10421665,Chairs,https://www.ikea.com/sa/en/p/nordmela-chest-of-4-drawers-black-blue-10421665/,44,50,159,
803,90471581,Chairs,https://www.ikea.com/sa/en/p/kornsjoe-storage-bench-black-90471581/,47,51,70,
800,79269180,Chairs,https://www.ikea.com/sa/en/p/landskrona-chaise-longue-add-on-unit-grann-bomstad-golden-brown-wood-s79269180/,158,78,78,
804,30178884,Chairs,https://www.ikea.com/sa/en/p/bekvaem-step-stool-black-30178884/,39,50,43,
814,89041709,Chairs,https://www.ikea.com/sa/en/p/antilop-highchair-with-safety-belt-white-silver-colour-s89041709/,59,90,56,
779,385069,Chairs,https://www.ikea.com/sa/en/p/fanbyn-chair-frame-brown-wood-effect-00385069/,50,45,50,
812,40280843,Chairs,https://www.ikea.com/sa/en/p/norraryd-chair-black-40280843/,51,83,47,
794,40466389,Chairs,https://www.ikea.com/sa/en/p/gistad-recliner-idekulla-dark-red-40466389/,84,96,66,
798,49031774,Chairs,https://www.ikea.com/sa/en/p/landskrona-armchair-grann-bomstad-black-metal-s49031774/,89,78,89,
801,40369109,Chairs,https://www.ikea.com/sa/en/p/nordviken-chair-black-40369109/,56,97,44,
807,70253541,Chairs,https://www.ikea.com/sa/en/p/agam-junior-chair-black-70253541/,43,79,41,
825,10330811,Chairs,https://www.ikea.com/sa/en/p/langur-seat-shell-for-highchair-white-10330811/,37,40,35,
819,121766,Chairs,https://www.ikea.com/sa/en/p/ingolf-bar-stool-with-backrest-white-00121766/,45,102,40,
797,80340760,Chairs,https://www.ikea.com/sa/en/p/ekedalen-chair-dark-brown-orrsta-light-grey-80340760/,51,95,43,
816,60246080,Chairs,https://www.ikea.com/sa/en/p/janinge-chair-yellow-60246080/,46,76,50,
834,70246089,Chairs,https://www.ikea.com/sa/en/p/janinge-bar-stool-white-70246089/,36,84,38,
815,90253535,Chairs,https://www.ikea.com/sa/en/p/agam-junior-chair-white-90253535/,43,79,41,
827,90404879,Chairs,https://www.ikea.com/sa/en/p/franklin-bar-stool-with-backrest-foldable-white-white-90404879/,44,103,52,
829,90246291,Chairs,https://www.ikea.com/sa/en/p/ingatorp-chair-with-armrests-white-nordvalla-beige-90246291/,63,99,57,
847,80417636,Chairs,https://www.ikea.com/sa/en/p/yngvar-chair-anthracite-80417636/,51,71,53,
830,49252553,Chairs,https://www.ikea.com/sa/en/p/langur-junior-highchair-with-tray-white-s49252553/,61,87,56,
837,50346985,Chairs,https://www.ikea.com/sa/en/p/langur-padded-seat-cover-for-junior-chair-grey-50346985/,60,36,56,
849,80371520,Chairs,https://www.ikea.com/sa/en/p/trogen-childrens-step-stool-yellow-80371520/,38,33,40,
831,60353838,Chairs,https://www.ikea.com/sa/en/p/ingolf-junior-chair-antique-stain-60353838/,45,77,41,
852,10115067,Chairs,https://www.ikea.com/sa/en/p/nisse-folding-chair-high-gloss-white-chrome-plated-10115067/,47,76,45,
836,89907452,Chairs,https://www.ikea.com/sa/en/p/stoljan-conference-chair-white-black-s89907452/,51,81,45,
854,80341019,Chairs,https://www.ikea.com/sa/en/p/ekedalen-chair-brown-orrsta-light-grey-80341019/,51,95,43,
862,30135658,Chairs,https://www.ikea.com/sa/en/p/glenn-bar-stool-white-chrome-plated-30135658/,52,100,50,
856,80418056,Chairs,https://www.ikea.com/sa/en/p/poaeng-childrens-armchair-frame-birch-veneer-80418056/,56,68,47,
873,20153068,Chairs,https://www.ikea.com/sa/en/p/bernhard-chair-chrome-plated-kavat-mjuk-white-20153068/,50,77,49,
850,80290779,Chairs,https://www.ikea.com/sa/en/p/flisat-childrens-bench-adjustable-80290779/,38,45,55,
861,10400540,Chairs,https://www.ikea.com/sa/en/p/ekedalen-bar-stool-with-backrest-dark-brown-orrsta-light-grey-10400540/,52,114,43,
874,50165079,Chairs,https://www.ikea.com/sa/en/p/blames-highchair-with-tray-black-50165079/,53,93,52,
848,80369112,Chairs,https://www.ikea.com/sa/en/p/nordviken-bar-stool-with-backrest-black-80369112/,47,101,40,
883,9252593,Chairs,https://www.ikea.com/sa/en/p/langur-junior-highchair-white-s09252593/,61,87,56,
889,90146456,Chairs,https://www.ikea.com/sa/en/p/ingolf-junior-chair-white-90146456/,45,77,41,
881,397736,Chairs,https://www.ikea.com/sa/en/p/norraryd-bar-stool-with-backrest-black-00397736/,47,103,46,
857,428974,Chairs,https://www.ikea.com/sa/en/p/norraker-stool-birch-00428974/,29,45,45,
875,60334722,Chairs,https://www.ikea.com/sa/en/p/tobias-chair-blue-chrome-plated-60334722/,56,82,55,
887,19252615,Chairs,https://www.ikea.com/sa/en/p/langur-junior-chair-white-s19252615/,61,82,56,
865,60403150,Chairs,https://www.ikea.com/sa/en/p/vedbo-chair-black-gunnared-dark-grey-60403150/,57,83,49,
880,165213,Chairs,https://www.ikea.com/sa/en/p/urban-junior-chair-white-00165213/,48,79,45,
901,59829125,Chairs,https://www.ikea.com/sa/en/p/poaeng-armchair-black-brown-robust-glose-dark-brown-s59829125/,82,100,68,
842,29269724,Chairs,https://www.ikea.com/sa/en/p/landskrona-armchair-gunnared-light-green-metal-s29269724/,89,78,89,
1276,10469186,Sofas & armchairs,https://www.ikea.com/sa/en/p/angersby-2-seat-sofa-knisa-light-grey-10469186/,84,89,137,
1314,90349326,Sofas & armchairs,https://www.ikea.com/sa/en/p/hemnes-day-bed-frame-with-3-drawers-white-90349326/,70,18,89,
1336,99270465,Sofas & armchairs,https://www.ikea.com/sa/en/p/landskrona-4-seat-sofa-with-chaise-longue-gunnared-light-green-wood-s99270465/,158,78,282,
1330,80245051,Sofas & armchairs,https://www.ikea.com/sa/en/p/stockholm-three-seat-sofa-seglora-natural-80245051/,88,80,211,
1321,9270295,Sofas & armchairs,https://www.ikea.com/sa/en/p/landskrona-3-seat-sofa-grann-bomstad-golden-brown-metal-s09270295/,89,78,204,
1322,40399314,Sofas & armchairs,https://www.ikea.com/sa/en/p/klippan-2-seat-sofa-bomstad-black-40399314/,88,66,177,
1344,60372276,Sofas & armchairs,https://www.ikea.com/sa/en/p/hemnes-day-bed-frame-with-3-drawers-grey-60372276/,70,18,89,
1341,30442662,Sofas & armchairs,https://www.ikea.com/sa/en/p/ekolsund-cover-for-recliner-gunnared-light-brown-pink-30442662/,94,97,85,
1295,50360009,Sofas & armchairs,https://www.ikea.com/sa/en/p/strandmon-footstool-djuparp-dark-green-50360009/,40,44,60,
1385,228705,Sofas & armchairs,https://www.ikea.com/sa/en/p/brimnes-day-bed-frame-with-2-drawers-white-00228705/,53,21,86,
1391,39306368,Sofas & armchairs,https://www.ikea.com/sa/en/p/nyhamn-3-seat-sofa-bed-with-foam-mattress-knisa-grey-beige-s39306368/,97,90,200,
1449,49270260,Sofas & armchairs,https://www.ikea.com/sa/en/p/landskrona-chaise-longue-add-on-unit-gunnared-light-green-wood-s49270260/,158,78,78,
1439,59829111,Sofas & armchairs,https://www.ikea.com/sa/en/p/poaeng-footstool-birch-veneer-robust-glose-dark-brown-s59829111/,54,39,68,
1508,30465489,Tables & desks,https://www.ikea.com/sa/en/p/smagoera-shelf-unit-white-30465489/,25,88,29,
1498,30213076,Tables & desks,https://www.ikea.com/sa/en/p/micke-desk-white-30213076/,50,75,73,
1522,30180504,Tables & desks,https://www.ikea.com/sa/en/p/norberg-wall-mounted-drop-leaf-table-white-30180504/,60,43,74,
1507,9903014,Tables & desks,https://www.ikea.com/sa/en/p/micke-desk-white-s09903014/,50,140,105,
1519,60447677,Tables & desks,https://www.ikea.com/sa/en/p/nordkisa-bedside-table-bamboo-60447677/,40,67,40,
1510,30374413,Tables & desks,https://www.ikea.com/sa/en/p/hemnes-dressing-table-with-mirror-white-30374413/,50,159,100,
1505,30339735,Tables & desks,https://www.ikea.com/sa/en/p/fjaellbo-laptop-table-black-30339735/,36,75,100,
1532,70455412,Tables & desks,https://www.ikea.com/sa/en/p/kornsjoe-side-table-black-70455412/,35,63,50,
1497,10203610,Tables & desks,https://www.ikea.com/sa/en/p/malm-dressing-table-white-10203610/,41,78,120,
1537,80214549,Tables & desks,https://www.ikea.com/sa/en/p/malm-chest-of-2-drawers-white-80214549/,48,55,40,
1531,60150176,Tables & desks,https://www.ikea.com/sa/en/p/braeda-laptop-support-black-60150176/,31,9,42,
1504,90214308,Tables & desks,https://www.ikea.com/sa/en/p/micke-desk-white-90214308/,50,75,142,
1501,250249,Tables & desks,https://www.ikea.com/sa/en/p/vittsjoe-laptop-stand-black-brown-glass-00250249/,55,65,35,
1503,90278277,Tables & desks,https://www.ikea.com/sa/en/p/lillasen-desk-bamboo-90278277/,32,74,49,
1500,80221352,Tables & desks,https://www.ikea.com/sa/en/p/vittsjoe-laptop-table-black-brown-glass-80221352/,36,74,100,
1544,80430746,Tables & desks,https://www.ikea.com/sa/en/p/syvde-dressing-table-white-80430746/,48,78,100,
1496,80213074,Tables & desks,https://www.ikea.com/sa/en/p/micke-desk-white-80213074/,50,75,105,
1529,20439472,Tables & desks,https://www.ikea.com/sa/en/p/nordkisa-dressing-table-bamboo-20439472/,47,79,76,
1513,60322130,Tables & desks,https://www.ikea.com/sa/en/p/kullen-chest-of-2-drawers-black-brown-60322130/,40,49,35,
1494,60214159,Tables & desks,https://www.ikea.com/sa/en/p/malm-desk-white-60214159/,65,73,140,
1516,60214183,Tables & desks,https://www.ikea.com/sa/en/p/malm-desk-with-pull-out-panel-black-brown-60214183/,65,73,151,
1525,20359984,Tables & desks,https://www.ikea.com/sa/en/p/tyssedal-dressing-table-white-20359984/,51,86,120,
1560,99323614,Tables & desks,https://www.ikea.com/sa/en/p/smagoera-changing-tbl-bookshelf-w-1-shlf-ut-white-s99323614/,40,91,60,
1547,70367444,Tables & desks,https://www.ikea.com/sa/en/p/songesand-bedside-table-brown-70367444/,40,55,42,
1523,30302299,Tables & desks,https://www.ikea.com/sa/en/p/brusali-desk-brown-30302299/,52,73,90,
1562,50460886,Tables & desks,https://www.ikea.com/sa/en/p/smagoera-changing-table-bookshelf-white-50460886/,40,91,60,
1546,30199283,Tables & desks,https://www.ikea.com/sa/en/p/oensklig-stor-baskets-changing-tbl-set-of-4-white-30199283/,23,26,27,
1548,30299070,Tables & desks,https://www.ikea.com/sa/en/p/lisabo-desk-ash-veneer-30299070/,45,74,118,
1563,70407360,Tables & desks,https://www.ikea.com/sa/en/p/bjoerksnaes-bedside-table-birch-70407360/,38,8,48,
1564,79282426,Tables & desks,https://www.ikea.com/sa/en/p/bekant-storage-unit-on-castors-mesh-white-s79282426/,45,61,41,
1574,90388978,Tables & desks,https://www.ikea.com/sa/en/p/vikhammer-bedside-table-black-90388978/,39,7,60,
1552,70299959,Tables & desks,https://www.ikea.com/sa/en/p/tyssedal-bedside-table-white-70299959/,40,59,51,
1590,59286963,Tables & desks,https://www.ikea.com/sa/en/p/bekant-storage-unit-with-smart-lock-mesh-white-s59286963/,45,101,61,
1594,89286805,Tables & desks,https://www.ikea.com/sa/en/p/bekant-storage-unit-with-smart-lock-mesh-black-s89286805/,45,61,41,
1586,29282532,Tables & desks,https://www.ikea.com/sa/en/p/bekant-storage-unit-on-castors-mesh-black-s29282532/,45,101,41,
1553,90180025,Tables & desks,https://www.ikea.com/sa/en/p/micke-add-on-unit-high-white-90180025/,16,65,105,
1576,9282547,Tables & desks,https://www.ikea.com/sa/en/p/bekant-storage-unit-on-castors-mesh-white-s09282547/,45,101,61,
1556,80362974,Tables & desks,https://www.ikea.com/sa/en/p/slaekt-storage-box-with-castors-80362974/,53,35,62,
1580,49285817,Tables & desks,https://www.ikea.com/sa/en/p/eket-wall-mounted-shelving-unit-white-s49285817/,35,35,35,
1571,60261037,Tables & desks,https://www.ikea.com/sa/en/p/arkelstorp-desk-black-60261037/,70,74,140,
1596,39286898,Tables & desks,https://www.ikea.com/sa/en/p/bekant-storage-unit-with-smart-lock-mesh-white-s39286898/,45,101,41,
1583,9323623,Tables & desks,https://www.ikea.com/sa/en/p/smagoera-changing-tbl-bookshelf-w-2-shlf-ut-white-s09323623/,40,91,60,
1618,60245844,TV & media furniture,https://www.ikea.com/sa/en/p/besta-frame-white-60245844/,40,38,120,
1616,59278232,TV & media furniture,https://www.ikea.com/sa/en/p/brimnes-tv-storage-combination-glass-doors-white-s59278232/,41,190,320,
1609,450088,TV & media furniture,https://www.ikea.com/sa/en/p/lack-tv-bench-white-00450088/,26,45,90,
1612,80227797,TV & media furniture,https://www.ikea.com/sa/en/p/byas-tv-bench-high-gloss-white-80227797/,42,45,160,
1613,90339290,TV & media furniture,https://www.ikea.com/sa/en/p/fjaellbo-tv-bench-black-90339290/,36,54,150,
1621,40337694,TV & media furniture,https://www.ikea.com/sa/en/p/brimnes-tv-bench-white-40337694/,41,53,120,
1641,39184343,TV & media furniture,https://www.ikea.com/sa/en/p/brimnes-tv-storage-combination-white-s39184343/,41,190,180,
1611,50409874,TV & media furniture,https://www.ikea.com/sa/en/p/brimnes-tv-bench-white-50409874/,41,53,180,
1645,10251451,TV & media furniture,https://www.ikea.com/sa/en/p/ikea-ps-cabinet-white-10251451/,40,63,119,
1619,50413526,TV & media furniture,https://www.ikea.com/sa/en/p/hemnes-tv-bench-white-stain-light-brown-50413526/,47,57,148,
1654,29204431,TV & media furniture,https://www.ikea.com/sa/en/p/besta-eket-cabinet-combination-for-tv-white-s29204431/,40,170,180,
1607,39286855,TV & media furniture,https://www.ikea.com/sa/en/p/besta-eket-cabinet-combination-for-tv-white-white-stained-oak-effect-s39286855/,42,210,300,
1637,30269129,TV & media furniture,https://www.ikea.com/sa/en/p/besta-burs-tv-bench-high-gloss-white-30269129/,41,49,180,
1659,29278219,TV & media furniture,https://www.ikea.com/sa/en/p/brimnes-tv-storage-combination-white-s29278219/,41,95,336,
1623,60239715,TV & media furniture,https://www.ikea.com/sa/en/p/stockholm-tv-bench-walnut-veneer-60239715/,40,50,160,
1629,79191266,TV & media furniture,https://www.ikea.com/sa/en/p/fjaellbo-tv-storage-combination-black-s79191266/,36,95,250,
1660,69294566,TV & media furniture,https://www.ikea.com/sa/en/p/vittsjoe-tv-storage-combination-black-brown-glass-s69294566/,36,175,300,
1691,40299890,TV & media furniture,https://www.ikea.com/sa/en/p/besta-tv-bench-white-40299890/,40,64,120,
1696,20351515,TV & media furniture,https://www.ikea.com/sa/en/p/besta-drawer-frame-grey-stained-walnut-effect-20351515/,40,25,60,
1663,59184337,TV & media furniture,https://www.ikea.com/sa/en/p/brimnes-tv-storage-combination-white-s59184337/,41,95,200,
1682,70299879,TV & media furniture,https://www.ikea.com/sa/en/p/besta-tv-bench-white-70299879/,40,64,180,
1668,10245846,TV & media furniture,https://www.ikea.com/sa/en/p/besta-frame-white-10245846/,40,64,120,
1699,9305068,TV & media furniture,https://www.ikea.com/sa/en/p/besta-storage-combination-with-doors-white-kallviken-stubbarp-concrete-effect-s09305068/,42,202,120,
1679,9208029,TV & media furniture,https://www.ikea.com/sa/en/p/besta-storage-combination-with-doors-white-lappviken-sindvik-white-clear-glass-s09208029/,42,112,180,
1670,99278225,TV & media furniture,https://www.ikea.com/sa/en/p/brimnes-tv-storage-combination-glass-doors-white-s99278225/,41,95,276,
1690,20245964,TV & media furniture,https://www.ikea.com/sa/en/p/besta-frame-black-brown-20245964/,40,64,60,
1702,29385672,Wardrobes,https://www.ikea.com/sa/en/p/pax-wardrobe-combination-white-s29385672/,58,201,150,
1722,49025589,Wardrobes,https://www.ikea.com/sa/en/p/pax-wardrobe-white-forsand-white-s49025589/,60,201,150,
1733,439468,Wardrobes,https://www.ikea.com/sa/en/p/nordkisa-open-wardrobe-with-sliding-door-bamboo-00439468/,47,186,120,
1712,49246468,Wardrobes,https://www.ikea.com/sa/en/p/pax-wardrobe-white-forsand-white-s49246468/,60,201,150,
1708,40407922,Wardrobes,https://www.ikea.com/sa/en/p/brimnes-wardrobe-with-3-doors-white-40407922/,50,190,117,
1734,20305707,Wardrobes,https://www.ikea.com/sa/en/p/busunge-wardrobe-white-20305707/,52,139,80,
1741,19127297,Wardrobes,https://www.ikea.com/sa/en/p/pax-wardrobe-white-bergsbo-white-s19127297/,60,236,150,
1705,59336270,Wardrobes,https://www.ikea.com/sa/en/p/platsa-wardrobe-with-2-doors-3-drawers-white-fonnes-white-s59336270/,42,181,160,
1709,80437234,Wardrobes,https://www.ikea.com/sa/en/p/kleppstad-wardrobe-with-2-doors-white-80437234/,55,176,79,
1714,69128567,Wardrobes,https://www.ikea.com/sa/en/p/pax-wardrobe-white-s69128567/,58,201,175,
1735,39127710,Wardrobes,https://www.ikea.com/sa/en/p/pax-wardrobe-white-bergsbo-white-s39127710/,60,236,100,
1707,441758,Wardrobes,https://www.ikea.com/sa/en/p/kleppstad-wardrobe-with-3-doors-white-00441758/,55,176,117,
1701,50453758,Wardrobes,https://www.ikea.com/sa/en/p/rakkestad-wardrobe-with-2-doors-black-brown-50453758/,55,176,79,
1706,19323929,Wardrobes,https://www.ikea.com/sa/en/p/platsa-wardrobe-with-3-doors-white-fonnes-white-s19323929/,42,161,140,
1720,60375133,Wardrobes,https://www.ikea.com/sa/en/p/songesand-wardrobe-brown-60375133/,60,191,120,
1775,49324946,Wardrobes,https://www.ikea.com/sa/en/p/pax-tyssedal-wardrobe-combination-white-white-glass-s49324946/,60,236,250,
1754,30439476,Wardrobes,https://www.ikea.com/sa/en/p/nordkisa-open-wardrobe-with-sliding-door-bamboo-30439476/,47,123,120,
1795,49325371,Wardrobes,https://www.ikea.com/sa/en/p/platsa-wall-storage-white-s49325371/,40,40,240,
1769,89325374,Wardrobes,https://www.ikea.com/sa/en/p/platsa-wall-storage-white-fonnes-white-s89325374/,42,40,240,
1815,59324385,Wardrobes,https://www.ikea.com/sa/en/p/platsa-storage-comb-w-6-doors-3-drawers-white-fonnes-white-s59324385/,42,241,420,
1805,89227873,Wardrobes,https://www.ikea.com/sa/en/p/pax-wardrobe-white-s89227873/,58,201,150,
1811,99329140,Wardrobes,https://www.ikea.com/sa/en/p/pax-bergsbo-wardrobe-combination-white-frosted-glass-s99329140/,60,236,100,
1826,9325047,Wardrobes,https://www.ikea.com/sa/en/p/pax-tyssedal-wardrobe-combination-white-white-s09325047/,60,236,300,
1820,29320652,Wardrobes,https://www.ikea.com/sa/en/p/platsa-wall-storage-white-fonnes-white-s29320652/,42,40,240,
1839,9300103,Wardrobes,https://www.ikea.com/sa/en/p/pax-wardrobe-white-tyssedal-glass-s09300103/,60,236,200,
1821,29320732,Wardrobes,https://www.ikea.com/sa/en/p/pax-tyssedal-wardrobe-combination-white-mirror-glass-s29320732/,60,236,150,
1851,29324711,Wardrobes,https://www.ikea.com/sa/en/p/pax-grimo-wardrobe-combination-white-white-s29324711/,60,201,100,
1844,29304586,Wardrobes,https://www.ikea.com/sa/en/p/platsa-wardrobe-w-10-doors-fonnes-white-s29304586/,42,221,380,
1758,59328897,Wardrobes,https://www.ikea.com/sa/en/p/pax-bergsbo-wardrobe-combination-white-frosted-glass-s59328897/,38,236,200,
1858,9324689,Wardrobes,https://www.ikea.com/sa/en/p/pax-wardrobe-combination-white-s09324689/,58,201,150,
1827,59326469,Wardrobes,https://www.ikea.com/sa/en/p/platsa-wardrobe-with-2-doors-3-drawers-white-fonnes-white-s59326469/,42,221,80,
1864,19303498,Wardrobes,https://www.ikea.com/sa/en/p/pax-wardrobe-white-fardal-high-gloss-white-s19303498/,60,236,150,
1892,29324320,Wardrobes,https://www.ikea.com/sa/en/p/platsa-wardrobe-with-6-drawers-white-fonnes-white-s29324320/,42,241,140,
1886,59324248,Wardrobes,https://www.ikea.com/sa/en/p/pax-wardrobe-combination-white-s59324248/,58,236,150,
1894,19385677,Wardrobes,https://www.ikea.com/sa/en/p/pax-wardrobe-combination-white-s19385677/,58,236,150,
1881,69325214,Wardrobes,https://www.ikea.com/sa/en/p/platsa-wardrobe-with-7-doors-6-drawers-white-fonnes-white-s69325214/,42,201,300,
1895,CUSTOM_a6a1ef66,Chairs,file://D:/minor-project/data/image_cache_ssim/CUSTOM_a6a1ef66.jpg,50,90,45,4.5
1896,CUSTOM_6fe3a1c8,Beds,file://D:/minor-project/data/image_cache_ssim/CUSTOM_6fe3a1c8.jpg,200,45,160,40.0
1897,CUSTOM_82917f48,Beds,file://D:/minor-project/data/image_cache_ssim/CUSTOM_82917f48.jpg,200,45,160,40.0
